{"stats":{"minecraft:used":{"botania:livingrock_stairs":25,"botania:livingrock_slab":20,"botania:white_floating_flower":2,"botania:glimmering_livingwood":8,"botania:natura_pylon":2,"botania:mana_glass":11,"botania:dreamwood_log":81,"botania:livingwood_fence":14,"botania:mana_pool":7,"minecraft:grass_block":2},"minecraft:dropped":{"minecraft:grass_block":2},"minecraft:picked_up":{"minecraft:grass_block":1,"integrateddynamics:on_the_dynamics_of_integration":1},"minecraft:custom":{"minecraft:jump":88,"minecraft:time_since_rest":35894,"minecraft:crouch_one_cm":1556,"minecraft:sprint_one_cm":17625,"minecraft:play_time":35894,"minecraft:time_since_death":35894,"minecraft:walk_one_cm":30858,"minecraft:sneak_time":902,"minecraft:total_world_time":80134,"minecraft:drop":2,"minecraft:fly_one_cm":32776}},"DataVersion":3465}