{"stats":{"minecraft:used":{"botania:livingrock_slab":20,"botania:natura_pylon":2,"botania:mana_glass":11,"botania:livingwood_fence":14,"botania:mana_pool":7,"minecraft:grass_block":2,"botania:livingrock_stairs":25,"minecraft:oak_sign":1,"botania:white_floating_flower":2,"botania:glimmering_livingwood":8,"botania:dreamwood_log":81},"minecraft:dropped":{"minecraft:spruce_log":64,"minecraft:grass_block":2},"minecraft:picked_up":{"integrateddynamics:on_the_dynamics_of_integration":1,"minecraft:grass_block":1},"minecraft:custom":{"minecraft:time_since_rest":56398,"minecraft:crouch_one_cm":1678,"minecraft:play_time":56398,"minecraft:sprint_one_cm":18576,"minecraft:walk_one_cm":32217,"minecraft:sneak_time":967,"minecraft:drop":3,"minecraft:jump":92,"minecraft:damage_dealt":45,"minecraft:time_since_death":56398,"minecraft:total_world_time":116131,"minecraft:fly_one_cm":36279}},"DataVersion":3465}